/*CREATE TABLE categories
(
    id    BIGINT GENERATED BY DEFAULT AS IDENTITY NOT NULL,
    name  VARCHAR(255)                            NOT NULL,
    image VARCHAR(255)                            NOT NULL,
    CONSTRAINT pk_categories PRIMARY KEY (id)
);

CREATE TABLE discounts
(
    id                  BIGINT GENERATED BY DEFAULT AS IDENTITY NOT NULL,
    code                VARCHAR(255)                            NOT NULL,
    description         VARCHAR(255)                            NOT NULL,
    discount_percentage DOUBLE PRECISION                        NOT NULL,
    valid_from          date                                    NOT NULL,
    valid_to            date                                    NOT NULL,
    CONSTRAINT pk_discounts PRIMARY KEY (id)
);

CREATE TABLE events
(
    id          BIGINT GENERATED BY DEFAULT AS IDENTITY NOT NULL,
    name        VARCHAR(255)                            NOT NULL,
    image       VARCHAR(255)                            NOT NULL,
    description VARCHAR(255)                            NOT NULL,
    CONSTRAINT pk_events PRIMARY KEY (id)
);

CREATE TABLE events_products
(
    id         BIGINT GENERATED BY DEFAULT AS IDENTITY NOT NULL,
    product_id BIGINT                                  NOT NULL,
    event_id   BIGINT                                  NOT NULL,
    CONSTRAINT pk_events_products PRIMARY KEY (id)
);

CREATE TABLE orders
(
    id                    BIGINT GENERATED BY DEFAULT AS IDENTITY NOT NULL,
    order_date            TIMESTAMP WITHOUT TIME ZONE             NOT NULL,
    deliver_date          TIMESTAMP WITHOUT TIME ZONE             NOT NULL,
    total_price           DOUBLE PRECISION                        NOT NULL,
    delivery_instructions VARCHAR(255),
    user_id               BIGINT                                  NOT NULL,
    status_id             BIGINT                                  NOT NULL,
    discount_id           BIGINT,
    CONSTRAINT pk_orders PRIMARY KEY (id)
);

CREATE TABLE orders_details
(
    id         BIGINT GENERATED BY DEFAULT AS IDENTITY NOT NULL,
    amount     INTEGER                                 NOT NULL,
    order_id   BIGINT                                  NOT NULL,
    product_id BIGINT                                  NOT NULL,
    CONSTRAINT pk_orders_details PRIMARY KEY (id)
);

CREATE TABLE privilege
(
    id   BIGINT GENERATED BY DEFAULT AS IDENTITY NOT NULL,
    name VARCHAR(255)                            NOT NULL,
    CONSTRAINT pk_privilege PRIMARY KEY (id)
);

CREATE TABLE products
(
    id            BIGINT GENERATED BY DEFAULT AS IDENTITY NOT NULL,
    name          VARCHAR(255)                            NOT NULL,
    flavour       VARCHAR(255)                            NOT NULL,
    duration_days INTEGER                                 NOT NULL,
    unit_price    DOUBLE PRECISION                        NOT NULL,
    description   VARCHAR(500)                            NOT NULL,
    image         VARCHAR(255)                            NOT NULL,
    category_id   BIGINT                                  NOT NULL,
    CONSTRAINT pk_products PRIMARY KEY (id)
);

CREATE TABLE role
(
    id   BIGINT GENERATED BY DEFAULT AS IDENTITY NOT NULL,
    name VARCHAR(255)                            NOT NULL,
    CONSTRAINT pk_role PRIMARY KEY (id)
);

CREATE TABLE role_privilege
(
    privilege_id BIGINT NOT NULL,
    role_id      BIGINT NOT NULL,
    CONSTRAINT pk_role_privilege PRIMARY KEY (privilege_id, role_id)
);

CREATE TABLE status
(
    id    BIGINT GENERATED BY DEFAULT AS IDENTITY NOT NULL,
    label VARCHAR(255)                            NOT NULL,
    CONSTRAINT pk_status PRIMARY KEY (id)
);

CREATE TABLE tastes
(
    id   BIGINT GENERATED BY DEFAULT AS IDENTITY NOT NULL,
    name VARCHAR(255)                            NOT NULL,
    CONSTRAINT pk_tastes PRIMARY KEY (id)
);

CREATE TABLE user_role
(
    role_id BIGINT NOT NULL,
    user_id BIGINT NOT NULL,
    CONSTRAINT pk_user_role PRIMARY KEY (role_id, user_id)
);

CREATE TABLE user_tastes
(
    id        BIGINT GENERATED BY DEFAULT AS IDENTITY NOT NULL,
    user_id   BIGINT                                  NOT NULL,
    tastes_id BIGINT                                  NOT NULL,
    CONSTRAINT pk_user_tastes PRIMARY KEY (id)
);

CREATE TABLE users
(
    id            BIGINT GENERATED BY DEFAULT AS IDENTITY NOT NULL,
    created_date  TIMESTAMP WITHOUT TIME ZONE             NOT NULL,
    email         VARCHAR(255)                            NOT NULL,
    enabled       BOOLEAN                                 NOT NULL,
    first_name    VARCHAR(255)                            NOT NULL,
    last_name     VARCHAR(255)                            NOT NULL,
    password      VARCHAR(255)                            NOT NULL,
    token_expired BOOLEAN                                 NOT NULL,
    CONSTRAINT pk_users PRIMARY KEY (id)
);*/

ALTER TABLE tastes
    ADD CONSTRAINT uc_tastes_name UNIQUE (name);

ALTER TABLE users
    ADD CONSTRAINT uc_users_email UNIQUE (email);

ALTER TABLE events_products
    ADD CONSTRAINT FK_EVENTS_PRODUCTS_ON_EVENT FOREIGN KEY (event_id) REFERENCES events (id);

ALTER TABLE events_products
    ADD CONSTRAINT FK_EVENTS_PRODUCTS_ON_PRODUCT FOREIGN KEY (product_id) REFERENCES products (id);

ALTER TABLE orders_details
    ADD CONSTRAINT FK_ORDERS_DETAILS_ON_ORDER FOREIGN KEY (order_id) REFERENCES orders (id);

ALTER TABLE orders_details
    ADD CONSTRAINT FK_ORDERS_DETAILS_ON_PRODUCT FOREIGN KEY (product_id) REFERENCES products (id);

ALTER TABLE orders
    ADD CONSTRAINT FK_ORDERS_ON_DISCOUNT FOREIGN KEY (discount_id) REFERENCES discounts (id);

ALTER TABLE orders
    ADD CONSTRAINT FK_ORDERS_ON_STATUS FOREIGN KEY (status_id) REFERENCES status (id);

ALTER TABLE orders
    ADD CONSTRAINT FK_ORDERS_ON_USER FOREIGN KEY (user_id) REFERENCES users (id);

ALTER TABLE user_tastes
    ADD CONSTRAINT FK_USER_TASTES_ON_TASTES FOREIGN KEY (tastes_id) REFERENCES tastes (id);

ALTER TABLE user_tastes
    ADD CONSTRAINT FK_USER_TASTES_ON_USER FOREIGN KEY (user_id) REFERENCES users (id);

ALTER TABLE role_privilege
    ADD CONSTRAINT fk_rolpri_on_privilege FOREIGN KEY (privilege_id) REFERENCES privilege (id);

ALTER TABLE role_privilege
    ADD CONSTRAINT fk_rolpri_on_role FOREIGN KEY (role_id) REFERENCES role (id);

ALTER TABLE user_role
    ADD CONSTRAINT fk_user_role_on_role FOREIGN KEY (role_id) REFERENCES role (id);

ALTER TABLE user_role
    ADD CONSTRAINT fk_user_role_on_user FOREIGN KEY (user_id) REFERENCES users (id);


-- Insertar más categorías
INSERT INTO categories (id, name, image) VALUES (1, 'Pies', 'https://drive.google.com/uc?id=11rXPiOoZYA4JxEO8PUUSEQrj3imqF_BP');
INSERT INTO categories (id, name, image) VALUES (2, 'Donuts', 'https://drive.google.com/uc?id=1hezijcwdUCSnHSAjBlCrL-_YN3ZhaXJU');
INSERT INTO categories (id, name, image) VALUES (3, 'Muffins', 'https://drive.google.com/uc?id=1X6WeYfFjPGtKaQSQ9wC_xfK1dEF0KjnB');
INSERT INTO categories (id, name, image) VALUES (4, 'Cakes', 'https://drive.google.com/uc?id=1fhd84zjDoch7870OTjJhW1hMvSeL8u90');
INSERT INTO categories (id, name, image) VALUES (5, 'Cookies', 'https://drive.google.com/uc?id=1oaeAQeNxEYH_rDeUfQ_M9X75ePrBaFIn');
INSERT INTO categories (id, name, image) VALUES (6, 'Brownies', 'https://drive.google.com/uc?id=1YuZ5FVf66ael2BidifksW0-HDRwFAmZS');
INSERT INTO categories (id, name, image) VALUES (7, 'Croissants', 'https://drive.google.com/uc?id=1Hm8QTP0-hShFNMSMs2zeABgZ8Aj4C6se');
INSERT INTO categories (id, name, image) VALUES (8, 'Macarons', 'https://drive.google.com/uc?id=15_1yZF159gBDnJCgdhvfDM7CLazqAnn4');
INSERT INTO categories (id, name, image) VALUES (9, 'Cupcakes', 'https://drive.google.com/uc?id=1aK0xifKG1nqN1USyP2og7reXg94V_QUA');
INSERT INTO categories (id, name, image) VALUES (10, 'Tarts', 'https://drive.google.com/uc?id=1kPTIwzv91j7wA6ePIhce7Z3kgyQC2sqA');


-- Pies (category_id = 1)
INSERT INTO products (id, name, flavour, duration_days, unit_price, description, image, category_id)
VALUES
    (1, 'Pumpkin Pie', 'Pumpkin', 6, 8500, 'Classic pumpkin pie with warm spices', 'https://drive.google.com/uc?id=1PnGv4pYj8hfWJTz_7JEPvgl4om4PVdjI', 1),
    (2, 'Cherry Pie', 'Cherry', 5, 8800, 'Sweet and tangy cherry pie', 'https://drive.google.com/uc?id=1RdCvPtaxZlS3K4MjQsBOqnZwDvqA0INq', 1),
    (3, 'Banana Cream Pie', 'Banana', 4, 9000, 'Smooth banana cream pie with whipped topping', 'https://drive.google.com/uc?id=1B42ZpOsGqbjk7Of14OIMm7qOeEl2tUHy', 1);

-- Donuts (category_id = 2)
INSERT INTO products (id, name, flavour, duration_days, unit_price, description, image, category_id)
VALUES
    (4, 'Chocolate Donut', 'Chocolate', 2, 2200, 'Classic chocolate donut with a rich glaze', 'https://drive.google.com/uc?id=1yJa1iVUtSGqpRWRycccLlH6oiIaxNoSz', 2),
    (5, 'Boston Cream Donut', 'Vanilla', 3, 2500, 'Donut filled with vanilla cream and topped with chocolate', 'https://drive.google.com/uc?id=1HuapHDZsv_miuupRS-zm8MmjbfDqiHMZ', 2),
    (6, 'Powdered Sugar Donut', 'Sugar', 2, 2000, 'Soft donut covered in powdered sugar', 'https://drive.google.com/uc?id=1vhky982O3dNrVtfA1-OpxFW8jw1MltrV', 2);

-- Muffins (category_id = 3)
INSERT INTO products (id, name, flavour, duration_days, unit_price, description, image, category_id)
VALUES
    (7, 'Banana Muffin', 'Banana', 3, 2000, 'Moist banana muffin with a hint of cinnamon', 'https://drive.google.com/uc?id=1BFBu5JfJSfhRIk1kYTKK8X4-em_Lt7xG', 3),
    (8, 'Cranberry Muffin', 'Cranberry', 4, 2200, 'Fresh cranberry muffin with a crumb topping', 'https://drive.google.com/uc?id=1QLylGf1jZtPNNCRZN-crtdRDK2KuAfml', 3),
    (9, 'Raspberry Muffin', 'Raspberry', 3, 2400, 'Sweet raspberry muffin', 'https://drive.google.com/uc?id=1cyvp8xu-EnA-MZYDyQR5PmHoaCjQLlWB', 3);

-- Cakes (category_id = 4)
INSERT INTO products (id, name, flavour, duration_days, unit_price, description, image, category_id)
VALUES
    (10, 'Vanilla Cake', 'Vanilla', 5, 9800, 'Light and fluffy vanilla cake with buttercream frosting', 'https://drive.google.com/uc?id=1OTL2551o0S87ZZTx4Dd_IA95VeeXAGDX', 4),
    (11, 'Red Velvet Cake', 'Red Velvet', 7, 12000, 'Decadent red velvet cake with cream cheese frosting', 'https://drive.google.com/uc?id=1IWpP-VTwGKiOu4xQaB20jnApl4OfWf7S', 4),
    (12, 'Carrot Cake', 'Carrot', 6, 9200, 'Moist carrot cake with cream cheese frosting', 'https://drive.google.com/uc?id=1yVSPUd0nPbLMV2STmCSpRggITzP3ezB5', 4);

-- Cookies (category_id = 5)
INSERT INTO products (id, name, flavour, duration_days, unit_price, description, image, category_id)
VALUES
    (13, 'Chocolate Chip Cookie', 'Chocolate', 5, 1200, 'Classic chocolate chip cookie', 'https://drive.google.com/uc?id=1WxRWdOyLG2ylPYMtyYj--ag_oNe9BAWJ', 5),
    (14, 'Oatmeal Raisin Cookie', 'Oatmeal Raisin', 5, 1100, 'Chewy oatmeal raisin cookie', 'https://drive.google.com/uc?id=1HQD7j_xSjaCkYy8bivhlzUeNVzQEF8BO', 5),
    (15, 'Peanut Butter Cookie', 'Peanut Butter', 5, 1300, 'Rich peanut butter cookie', 'https://drive.google.com/uc?id=1cDwVsc5dQpNLd_1ukjAUVVJPMsRTa10K', 5);

-- Brownies (category_id = 6)
INSERT INTO products (id, name, flavour, duration_days, unit_price, description, image, category_id)
VALUES
    (16, 'Walnut Brownie', 'Chocolate', 5, 2500, 'Fudgy brownie with walnut pieces', 'https://drive.google.com/uc?id=1ZDELTX-3ZHFfw_kX5DymhyJ1yxAcBgK-', 6),
    (17, 'Blondie', 'Vanilla', 5, 2300, 'Vanilla-based brownie with chocolate chips', 'https://drive.google.com/uc?id=1Cont4w4y_crBWoZNP-rj6TCoCOMZags8', 6),
    (18, 'Triple Chocolate Brownie', 'Chocolate', 5, 2700, 'Brownie made with dark, milk, and white chocolate', 'https://drive.google.com/uc?id=1Qclea5X1DbJgkQ37nfWCbmtq2NVHTtql', 6);

-- Croissants (category_id = 7)
INSERT INTO products (id, name, flavour, duration_days, unit_price, description, image, category_id)
VALUES
    (19, 'Plain Croissant', 'Butter', 2, 1300, 'Flaky and buttery croissant', 'https://drive.google.com/uc?id=1gfXWECNbbp5lOBSJoqffKl4sfIZwIfNW', 7),
    (20, 'Chocolate Croissant', 'Chocolate', 2, 1500, 'Croissant filled with rich chocolate', 'https://drive.google.com/uc?id=1Yp9oq4-RX5btDnxxTfTN4mD3j_phVyDG', 7),
    (21, 'Almond Croissant', 'Almond', 2, 1800, 'Croissant with almond paste filling', 'https://drive.google.com/uc?id=1MrYRfAInryf_IlGR26uwMwN912VdiW60', 7);

-- Macarons (category_id = 8)
INSERT INTO products (id, name, flavour, duration_days, unit_price, description, image, category_id)
VALUES
    (22, 'Pistachio Macaron', 'Pistachio', 5, 1500, 'Delicate macaron with pistachio filling', 'https://drive.google.com/uc?id=1GKuq7BzB01pc0u_jBUFIEaCVNFTEAf_n', 8),
    (23, 'Salted Caramel Macaron', 'Salted Caramel', 5, 1500, 'Macaron with salted caramel filling', 'https://drive.google.com/uc?id=1cG1JQhe2f8Iq7-h39QiV8Bn4CjMEW8-L', 8),
    (24, 'Raspberry Macaron', 'Raspberry', 5, 1500, 'Macaron with raspberry filling', 'https://drive.google.com/uc?id=1I7FlHNGfQDp1Kj2bQIQfwjgfnnTdNb8n', 8);

-- Cupcakes (category_id = 9)
INSERT INTO products (id, name, flavour, duration_days, unit_price, description, image, category_id)
VALUES
    (25, 'Chocolate Cupcake', 'Chocolate', 3, 2500, 'Moist chocolate cupcake with chocolate frosting', 'https://drive.google.com/uc?id=1D0W2clkysxKOYfujfaVZx15OCuGwRfrK', 9),
    (26, 'Lemon Cupcake', 'Lemon', 3, 2400, 'Tangy lemon cupcake with a sweet glaze', 'https://drive.google.com/uc?id=1GMCFKgQDMrIjRGxv9KT9u2-2CcUW-848', 9),
    (27, 'Vanilla Cupcake', 'Vanilla', 3, 1800, 'Classic vanilla cupcake with buttercream frosting', 'https://drive.google.com/uc?id=1YfakN6w-7Cd7JnBc__0CsHjd-kz_nlio', 9);

-- Tarts (category_id = 10)
INSERT INTO products (id, name, flavour, duration_days, unit_price, description, image, category_id)
VALUES
    (28, 'Strawberry Tart', 'Strawberry', 3, 4200, 'Sweet strawberry tart with a buttery crust', 'https://drive.google.com/uc?id=1HQD7j_xSjaCkYy8bivhlzUeNVzQEF8BO', 10),
    (29, 'Custard Tart', 'Custard', 3, 4000, 'Classic custard tart with a creamy filling', 'https://drive.google.com/uc?id=1WxRWdOyLG2ylPYMtyYj--ag_oNe9BAWJ', 10),
    (30, 'Chocolate Tart', 'Chocolate', 3, 4500, 'Rich chocolate tart with a silky filling', 'https://drive.google.com/uc?id=1cDwVsc5dQpNLd_1ukjAUVVJPMsRTa10K', 10);


ALTER TABLE products
    ADD CONSTRAINT fk_category
        FOREIGN KEY (category_id)
            REFERENCES categories(id);

-- Insertar usuarios
INSERT INTO users (id, created_date, email, enabled, first_name, last_name, password, token_expired)
VALUES (1, NOW(), 'john.doe@example.com', true, 'John', 'Doe', '$2b$12$KmbCtVam8ZsAPTwkR0aLkuOjteqVMZBlY8FnrDfbolxjs3ThmOC8i', false)
ON CONFLICT (email) DO NOTHING;

INSERT INTO users (id, created_date, email, enabled, first_name, last_name, password, token_expired)
VALUES (2, NOW(), 'jane.doe@example.com', true, 'Jane', 'Doe', '$2b$12$WhCNOX9kAuSyLwBxL.5BjO47NApZv9Q76S8ouqWFnkY0niCdIMur.', false)
ON CONFLICT (email) DO NOTHING;

INSERT INTO users (id, created_date, email, enabled, first_name, last_name, password, token_expired)
VALUES (3, NOW(), 'admin', true, 'Admin', 'User', '$2b$12$2XorEDDw6oIw.gK3cKFbJeDQqHblg.BDKTJ4gNlEPnPz67.6AMd.q', false)
ON CONFLICT (email) DO NOTHING;

INSERT INTO users (id, created_date, email, enabled, first_name, last_name, password, token_expired)
VALUES (4, NOW(), 'eliborges320@gmail.com', true, 'Elizabeth', 'Borges', '$2b$12$ZJtZzMpnDVxK5j8P03C1IOiEJQP3xPMYuwCwux3vzbDph3qsTKeQu', false)
ON CONFLICT (email) DO NOTHING;

INSERT INTO users (id, created_date, email, enabled, first_name, last_name, password, token_expired)
VALUES (5, NOW(), 'mikeguzman@gmail.com', true, 'Maikol', 'Guzman', '$2b$12$2XorEDDw6oIw.gK3cKFbJeDQqHblg.BDKTJ4gNlEPnPz67.6AMd.q', false)
ON CONFLICT (email) DO NOTHING;

-- Insertar roles
INSERT INTO role (id, name) VALUES (1, 'ROLE_USER');
INSERT INTO role (id, name) VALUES (2, 'ROLE_ADMIN');
INSERT INTO role (id, name) VALUES (3, 'ROLE_MANAGER');

-- Insertar privilegios
INSERT INTO privilege (id, name) VALUES (1, 'READ_PRIVILEGE');
INSERT INTO privilege (id, name) VALUES (2, 'WRITE_PRIVILEGE');
INSERT INTO privilege (id, name) VALUES (3, 'DELETE_PRIVILEGE');

-- Asignar roles a los usuarios
INSERT INTO user_role (user_id, role_id) VALUES (1, 1);  -- John Doe es ROLE_USER
INSERT INTO user_role (user_id, role_id) VALUES (4, 1);  -- Elizabeth es ROLE_USER
INSERT INTO user_role (user_id, role_id) VALUES (2, 1);  -- Jane Doe es ROLE_USER
INSERT INTO user_role (user_id, role_id) VALUES (5, 1);  -- maikol es ROLE_USER
INSERT INTO user_role (user_id, role_id) VALUES (3, 2);  -- Admin es ROLE_ADMIN

-- Asignar privilegios a los roles
INSERT INTO role_privilege (role_id, privilege_id) VALUES (1, 1);  -- ROLE_USER tiene READ_PRIVILEGE
INSERT INTO role_privilege (role_id, privilege_id) VALUES (2, 1);  -- ROLE_ADMIN tiene READ_PRIVILEGE
INSERT INTO role_privilege (role_id, privilege_id) VALUES (2, 2);  -- ROLE_ADMIN tiene WRITE_PRIVILEGE
INSERT INTO role_privilege (role_id, privilege_id) VALUES (2, 3);  -- ROLE_ADMIN tiene DELETE_PRIVILEGE
INSERT INTO role_privilege (role_id, privilege_id) VALUES (3, 1);  -- ROLE_MANAGER tiene READ_PRIVILEGE
INSERT INTO role_privilege (role_id, privilege_id) VALUES (3, 2);  -- ROLE_MANAGER tiene WRITE_PRIVILEGE

-- Insertar gustos en la tabla tastes
INSERT INTO tastes (id, name) VALUES (1, 'Chocolate')
ON CONFLICT (name) DO NOTHING;
INSERT INTO tastes (id, name) VALUES (2, 'Vanilla')
ON CONFLICT (name) DO NOTHING;
INSERT INTO tastes (id, name) VALUES (3, 'Strawberry')
ON CONFLICT (name) DO NOTHING;
INSERT INTO tastes (id, name) VALUES (4, 'Lemon')
ON CONFLICT (name) DO NOTHING;
INSERT INTO tastes (id, name) VALUES (5, 'Coconut')
ON CONFLICT (name) DO NOTHING;

-- Asignar gustos a los usuarios en la tabla user_tastes
INSERT INTO user_tastes (user_id, tastes_id) VALUES (1, 1);  -- John Doe le gusta Chocolate
INSERT INTO user_tastes (user_id, tastes_id) VALUES (1, 2);  -- John Doe le gusta Vanilla
INSERT INTO user_tastes (user_id, tastes_id) VALUES (2, 3);  -- Jane Doe le gusta Strawberry
INSERT INTO user_tastes (user_id, tastes_id) VALUES (2, 4);  -- Jane Doe le gusta Lemon
INSERT INTO user_tastes (user_id, tastes_id) VALUES (3, 5);  -- Admin User le gusta Coconut

-- Insertar descuentos
INSERT INTO discounts (id, code, description, discount_percentage, valid_from, valid_to)
VALUES (1, 'Disc10', '10% off on all items', 10.0, '2024-01-01', '2024-12-31');

INSERT INTO discounts (id, code, description, discount_percentage, valid_from, valid_to)
VALUES (2, 'Disc20', '20% off on selected items', 20.0, '2024-01-01', '2024-06-30');

-- Insertar estados
INSERT INTO status (id, label) VALUES (1, 'Waiting');
INSERT INTO status (id, label) VALUES (2, 'Accepted');
INSERT INTO status (id, label) VALUES (3, 'Rejected');

-- Insertar órdenes
INSERT INTO orders (id, order_date, deliver_date, total_price, delivery_instructions, user_id, status_id, discount_id)
VALUES (1, '2024-05-01', '2024-05-05', 49.99, 'Leave at front door', 1, 1, NULL);

INSERT INTO orders (id, order_date, deliver_date, total_price, delivery_instructions, user_id, status_id, discount_id)
VALUES (2, '2024-06-01', '2024-06-03', 79.99, 'Ring the bell', 2, 2, 1);  -- Con descuento del 10%

-- Insertar detalles de órdenes
INSERT INTO orders_details (id, amount, order_id, product_id)
VALUES (1, 2, 1, 7), (2, 1, 2, 10), (3, 3, 1, 14);

-- Insertar más eventos
INSERT INTO events (id, name, image, description)
VALUES
    (4, 'Valentine Day', 'https://drive.google.com/uc?id=1eN-ig41MUht8ONjCl4V32FJv_l1zmpLa', 'Celebrate love with special discounts on sweets'),
    (5, 'Easter Special', 'https://drive.google.com/uc?id=18SUm0eJqpumTFLWKzV43IrHaES-k8QB_', 'Enjoy Easter with amazing offers on baked goods'),
    (6, 'Halloween Treats', 'https://drive.google.com/uc?id=1oCx8B-rsz8OT1oqYx9bGTlx8QXx_L17X', 'Spooky deals for Halloween treats'),
    (7, 'Christmas Feast', 'https://drive.google.com/uc?id=17ZJoXBvTi6pFS9xEJYKzQS4Mbr8uiThO', 'Christmas discounts on cakes and pies'),
    (8, 'Mother Day Sale', 'https://drive.google.com/uc?id=1nYg0nsIAChrUqsUV8Zrj7GaE0m1FHICt', 'Special offers to celebrate mothers everywhere');

-- Relación entre eventos y productos (los productos pueden estar en varios eventos)
INSERT INTO events_products (id, event_id, product_id)
VALUES
    -- Valentine's Day
    (5, 4, 4),  -- Chocolate Muffin
    (6, 4, 5),  -- Strawberry Donut
    (7, 4, 17), -- Red Velvet Cake
    (8, 4, 28), -- Pistachio Macaron

    -- Easter Special
    (10, 5, 25), -- Plain Croissant
    (11, 5, 16), -- Vanilla Cake
    (12, 5, 18), -- Carrot Cake

    -- Halloween Treats
    (13, 6, 19), -- Triple Chocolate Donut
    (14, 6, 24), -- Walnut Brownie
    (16, 6, 12), -- Espresso Brownie

    -- Christmas Feast
    (17, 7, 1),  -- Apple Pie
    (18, 7, 18), -- Carrot Cake
    (19, 7, 16), -- Vanilla Cake
    (20, 7, 19), -- Chocolate Chip Cookie

    -- Mother's Day Sale
    (21, 8, 17), -- Red Velvet Cake
    (23, 8, 10), -- Chocolate Donut
    (24, 8, 28), -- Pistachio Macaron

    -- Productos en múltiples eventos
    (25, 4, 28), -- Pistachio Macaron (Valentine's Day)
    (26, 6, 28), -- Pistachio Macaron (Halloween Treats)
    (27, 8, 28), -- Pistachio Macaron (Mother's Day Sale)
    (28, 5, 1),  -- Apple Pie (Easter Special)
    (29, 7, 1),  -- Apple Pie (Christmas Feast)
    (30, 4, 17), -- Red Velvet Cake (Valentine's Day)
    (31, 8, 17); -- Red Velvet Cake (Mother's Day Sale)
